city_name,region_code,region_name,is_duplicate,aliases,phone_route_code
новоржев,north-western_fd,Северо-Западный ФО,0,,
устюжна,north-western_fd,Северо-Западный ФО,0,,
кондопога,north-western_fd,Северо-Западный ФО,0,,
колпино,north-western_fd,Северо-Западный ФО,0,,
балтийск,north-western_fd,Северо-Западный ФО,0,,
медвежьегорск,north-western_fd,Северо-Западный ФО,0,,
луга,north-western_fd,Северо-Западный ФО,0,,
суоярви,north-western_fd,Северо-Западный ФО,0,,
кириллов,north-western_fd,Северо-Западный ФО,0,,
красавино,north-western_fd,Северо-Западный ФО,0,,
онега,north-western_fd,Северо-Западный ФО,0,,
высоцк,north-western_fd,Северо-Западный ФО,0,,
кандалакша,north-western_fd,Северо-Западный ФО,0,,
гдов,north-western_fd,Северо-Западный ФО,0,,
харовск,north-western_fd,Северо-Западный ФО,0,,
олонец,north-western_fd,Северо-Западный ФО,0,,
подпорожье,north-western_fd,Северо-Западный ФО,0,,
пушкин,north-western_fd,Северо-Западный ФО,0,,
шенкурск,north-western_fd,Северо-Западный ФО,0,,
сегежа,north-western_fd,Северо-Западный ФО,0,,
вологда,north-western_fd,Северо-Западный ФО,0,,
отрадное,north-western_fd,Северо-Западный ФО,0,,
правдинск,north-western_fd,Северо-Западный ФО,0,,
холм,north-western_fd,Северо-Западный ФО,0,,
багратионовск,north-western_fd,Северо-Западный ФО,0,,
пикалёво,north-western_fd,Северо-Западный ФО,0,,
петрозаводск,north-western_fd,Северо-Западный ФО,0,,
черняховск,north-western_fd,Северо-Западный ФО,0,,
мамоново,north-western_fd,Северо-Западный ФО,0,,
каснознаменск,north-western_fd,Северо-Западный ФО,0,,
сокол,north-western_fd,Северо-Западный ФО,0,,
любань,north-western_fd,Северо-Западный ФО,0,,
санкт петербург,north-western_fd,Северо-Западный ФО,0,"[""питер"", ""ленинград"", ""спб""]",
астрахань,southern_fd,Южный ФО,0,,
череповец,north-western_fd,Северо-Западный ФО,0,,
питкяранта,north-western_fd,Северо-Западный ФО,0,,
беломорск,north-western_fd,Северо-Западный ФО,0,,
псков,north-western_fd,Северо-Западный ФО,0,,
опочка,north-western_fd,Северо-Западный ФО,0,,
выборг,north-western_fd,Северо-Западный ФО,0,,
мезень,north-western_fd,Северо-Западный ФО,0,,
светлогорск,north-western_fd,Северо-Западный ФО,0,,
кировск,north-western_fd,Северо-Западный ФО,0,,
никольское,north-western_fd,Северо-Западный ФО,0,,
няндома,north-western_fd,Северо-Западный ФО,0,,
приозёрск,north-western_fd,Северо-Западный ФО,0,,
остров,north-western_fd,Северо-Западный ФО,0,,
полярный,north-western_fd,Северо-Западный ФО,0,,
зеленоградск,north-western_fd,Северо-Западный ФО,0,,
кола,north-western_fd,Северо-Западный ФО,0,,
усинск,north-western_fd,Северо-Западный ФО,0,,
сестрорецк,north-western_fd,Северо-Западный ФО,0,,
белозерск,north-western_fd,Северо-Западный ФО,0,,
снежногорск,north-western_fd,Северо-Западный ФО,0,,
пустошка,north-western_fd,Северо-Западный ФО,0,,
гатчина,north-western_fd,Северо-Западный ФО,0,,
всеволжск,north-western_fd,Северо-Западный ФО,0,,
неман,north-western_fd,Северо-Западный ФО,0,,
окуловка,north-western_fd,Северо-Западный ФО,0,,
шписсельбург,north-western_fd,Северо-Западный ФО,0,,
гусев,north-western_fd,Северо-Западный ФО,0,,
пионерский,north-western_fd,Северо-Западный ФО,0,,
сосногорск,north-western_fd,Северо-Западный ФО,0,,
кадников,north-western_fd,Северо-Западный ФО,0,,
ковдор,north-western_fd,Северо-Западный ФО,0,,
бабаево,north-western_fd,Северо-Западный ФО,0,,
нарьян мар,north-western_fd,Северо-Западный ФО,0,,
карополь,north-western_fd,Северо-Западный ФО,0,,
печора,north-western_fd,Северо-Западный ФО,0,,
пыталово,north-western_fd,Северо-Западный ФО,0,,
кингисепп,north-western_fd,Северо-Западный ФО,0,,
вельск,north-western_fd,Северо-Западный ФО,0,,
тихвин,north-western_fd,Северо-Западный ФО,0,,
берёзовский,siberian_fd,Сибирский ФО,1,,
кириши,north-western_fd,Северо-Западный ФО,0,,
полесск,north-western_fd,Северо-Западный ФО,0,,
светный,north-western_fd,Северо-Западный ФО,0,,
кудрово,north-western_fd,Северо-Западный ФО,0,,
волосово,north-western_fd,Северо-Западный ФО,0,,
берёзовский,ural_fd,Уральский ФО,1,,
пудож,north-western_fd,Северо-Западный ФО,0,,
заозёрск,north-western_fd,Северо-Западный ФО,0,,
коммунар,north-western_fd,Северо-Западный ФО,0,,
пестово,north-western_fd,Северо-Западный ФО,0,,
ладушкин,north-western_fd,Северо-Западный ФО,0,,
островной,north-western_fd,Северо-Западный ФО,0,,
грязовец,north-western_fd,Северо-Западный ФО,0,,
оленегорск,north-western_fd,Северо-Западный ФО,0,,
алатиты,north-western_fd,Северо-Западный ФО,0,,
приозерск,north-western_fd,Северо-Западный ФО,0,,
костомукша,north-western_fd,Северо-Западный ФО,0,,
сланцы,north-western_fd,Северо-Западный ФО,0,,
невель,north-western_fd,Северо-Западный ФО,0,,
боровичи,north-western_fd,Северо-Западный ФО,0,,
великий новгород,north-western_fd,Северо-Западный ФО,0,"[""великий""]",
новодвинск,north-western_fd,Северо-Западный ФО,0,,
славск,north-western_fd,Северо-Западный ФО,0,,
сертолово,north-western_fd,Северо-Западный ФО,0,,
заполярный,north-western_fd,Северо-Западный ФО,0,,
благовещенск,privolzhsky_fd,Приволжский ФО,1,,
нарьян-мар,north-western_fd,Северо-Западный ФО,0,,
валдай,north-western_fd,Северо-Западный ФО,0,,
сыктывкар,north-western_fd,Северо-Западный ФО,0,,
старая русса,north-western_fd,Северо-Западный ФО,0,,
витегра,north-western_fd,Северо-Западный ФО,0,,
спб,north-western_fd,Северо-Западный ФО,0,,
малая вишера,north-western_fd,Северо-Западный ФО,0,,
благовещенск,eastern_fd,Дальневосточный ФО,1,,
чудово,north-western_fd,Северо-Западный ФО,0,,
воркута,north-western_fd,Северо-Западный ФО,0,,
гурьевск,north-western_fd,Северо-Западный ФО,1,,
лахденпохья,north-western_fd,Северо-Западный ФО,0,,
великие луки,north-western_fd,Северо-Западный ФО,0,,
вуктыл,north-western_fd,Северо-Западный ФО,0,,
емва,north-western_fd,Северо-Западный ФО,0,,
озерск,north-western_fd,Северо-Западный ФО,0,,
приморск,north-western_fd,Северо-Западный ФО,0,,
коряжма,north-western_fd,Северо-Западный ФО,0,,
сосновый бор,north-western_fd,Северо-Западный ФО,0,,
лодейное поле,north-western_fd,Северо-Западный ФО,0,,
тотьма,north-western_fd,Северо-Западный ФО,0,,
новосокольники,north-western_fd,Северо-Западный ФО,0,,
красное село,north-western_fd,Северо-Западный ФО,0,,
ломоносов,north-western_fd,Северо-Западный ФО,0,,
гаджиево,north-western_fd,Северо-Западный ФО,0,,
дно,north-western_fd,Северо-Западный ФО,0,,
ухта,north-western_fd,Северо-Западный ФО,0,,
сясьстрой,north-western_fd,Северо-Западный ФО,0,,
сольцы,north-western_fd,Северо-Западный ФО,0,,
бокситогорск,north-western_fd,Северо-Западный ФО,0,,
кемь,north-western_fd,Северо-Западный ФО,0,,
архангельск,north-western_fd,Северо-Западный ФО,0,,
микунь,north-western_fd,Северо-Западный ФО,0,,
великий устюг,north-western_fd,Северо-Западный ФО,0,,
калининград,north-western_fd,Северо-Западный ФО,0,,
каменногорск,north-western_fd,Северо-Западный ФО,0,,
волхов,north-western_fd,Северо-Западный ФО,0,,
кронштадт,north-western_fd,Северо-Западный ФО,0,,
северодвинск,north-western_fd,Северо-Западный ФО,0,,
печеры,north-western_fd,Северо-Западный ФО,0,,
котлас,north-western_fd,Северо-Западный ФО,0,,
гвардейск,north-western_fd,Северо-Западный ФО,0,,
сортавала,north-western_fd,Северо-Западный ФО,0,,
светогорск,north-western_fd,Северо-Западный ФО,0,,
белозёрск,north-western_fd,Северо-Западный ФО,0,,
нестеров,north-western_fd,Северо-Западный ФО,0,,
сольвычегорск,north-western_fd,Северо-Западный ФО,0,,
полярные зори,north-western_fd,Северо-Западный ФО,0,,
ивангород,north-western_fd,Северо-Западный ФО,0,,
новая ладога,north-western_fd,Северо-Западный ФО,0,,
себеж,north-western_fd,Северо-Западный ФО,0,,
мурманск,north-western_fd,Северо-Западный ФО,0,,
порхов,north-western_fd,Северо-Западный ФО,0,,
мончегорск,north-western_fd,Северо-Западный ФО,0,,
петергоф,north-western_fd,Северо-Западный ФО,0,,
североморск,north-western_fd,Северо-Западный ФО,0,,
тосно,north-western_fd,Северо-Западный ФО,0,,
инта,north-western_fd,Северо-Западный ФО,0,,
печёры,north-western_fd,Северо-Западный ФО,0,,
бородино,siberian_fd,Сибирский ФО,0,,
куйбышев,siberian_fd,Сибирский ФО,0,,
заринск,siberian_fd,Сибирский ФО,0,,
северск,siberian_fd,Сибирский ФО,0,,
горняк,siberian_fd,Сибирский ФО,0,,
минусинск,siberian_fd,Сибирский ФО,0,,
бирюсинск,siberian_fd,Сибирский ФО,0,,
тайшет,siberian_fd,Сибирский ФО,0,,
междуреченск,siberian_fd,Сибирский ФО,0,,
мариинск,siberian_fd,Сибирский ФО,0,,
назарово,siberian_fd,Сибирский ФО,0,,
свирск,siberian_fd,Сибирский ФО,0,,
татарск,siberian_fd,Сибирский ФО,0,,
ангарск,siberian_fd,Сибирский ФО,0,,
таштагол,siberian_fd,Сибирский ФО,0,,
бийск,siberian_fd,Сибирский ФО,0,,
пылысаево,siberian_fd,Сибирский ФО,0,,
уяр,siberian_fd,Сибирский ФО,0,,
красноярск,siberian_fd,Сибирский ФО,0,,
сосновоборск,siberian_fd,Сибирский ФО,0,,
черемхово,siberian_fd,Сибирский ФО,0,,
ак-довурак,siberian_fd,Сибирский ФО,0,,
усть-илимск,siberian_fd,Сибирский ФО,0,,
новокузнецк,siberian_fd,Сибирский ФО,0,,
тюкалинск,siberian_fd,Сибирский ФО,0,,
саяногорск,siberian_fd,Сибирский ФО,0,,
алейск,siberian_fd,Сибирский ФО,0,,
дудинка,siberian_fd,Сибирский ФО,0,,
асино,siberian_fd,Сибирский ФО,0,,
дивногорск,siberian_fd,Сибирский ФО,0,,
братск,siberian_fd,Сибирский ФО,0,,
новоалтайск,siberian_fd,Сибирский ФО,0,,
алзамай,siberian_fd,Сибирский ФО,0,,
вихоревка,siberian_fd,Сибирский ФО,0,,
томск,siberian_fd,Сибирский ФО,0,,
черногорск,siberian_fd,Сибирский ФО,0,,
тара,siberian_fd,Сибирский ФО,0,,
рубцовск,siberian_fd,Сибирский ФО,0,,
юрга,siberian_fd,Сибирский ФО,0,,
гурьевск,siberian_fd,Сибирский ФО,1,,
каргат,siberian_fd,Сибирский ФО,0,,
иркутск,siberian_fd,Сибирский ФО,0,,
усолье-сибирское,siberian_fd,Сибирский ФО,0,,
шелехов,siberian_fd,Сибирский ФО,0,,
байкальск,siberian_fd,Сибирский ФО,0,,
ачинск,siberian_fd,Сибирский ФО,0,,
артёмовск,siberian_fd,Сибирский ФО,0,,
горно-алтайск,siberian_fd,Сибирский ФО,0,,
бодайбо,siberian_fd,Сибирский ФО,0,,
искитим,siberian_fd,Сибирский ФО,0,,
железногорск-илимский,siberian_fd,Сибирский ФО,0,,
усть-кут,siberian_fd,Сибирский ФО,0,,
кызыл,siberian_fd,Сибирский ФО,0,,
славгород,siberian_fd,Сибирский ФО,0,,
туран,siberian_fd,Сибирский ФО,0,,
заречный,privolzhsky_fd,Приволжский ФО,1,,
черепаново,siberian_fd,Сибирский ФО,0,,
тайга,siberian_fd,Сибирский ФО,0,,
киренск,siberian_fd,Сибирский ФО,0,,
калачинск,siberian_fd,Сибирский ФО,0,,
абаза,siberian_fd,Сибирский ФО,0,,
кедровый,siberian_fd,Сибирский ФО,0,,
абакан,siberian_fd,Сибирский ФО,0,,
барабинск,siberian_fd,Сибирский ФО,0,,
заозерный,siberian_fd,Сибирский ФО,0,,
болотное,siberian_fd,Сибирский ФО,0,,
белокуриха,siberian_fd,Сибирский ФО,0,,
слюдянка,siberian_fd,Сибирский ФО,0,,
анжеро-судженск,siberian_fd,Сибирский ФО,0,,
боготол,siberian_fd,Сибирский ФО,0,,
называевск,siberian_fd,Сибирский ФО,0,,
омск,siberian_fd,Сибирский ФО,0,,
белово,siberian_fd,Сибирский ФО,0,,
игарка,siberian_fd,Сибирский ФО,0,,
иланский,siberian_fd,Сибирский ФО,0,,
кодинск,siberian_fd,Сибирский ФО,0,,
тогучин,siberian_fd,Сибирский ФО,0,,
киселёвск,siberian_fd,Сибирский ФО,0,,
камень-на-оби,siberian_fd,Сибирский ФО,0,,
железногорск,siberian_fd,Сибирский ФО,0,,
яровое,siberian_fd,Сибирский ФО,0,,
заречный,ural_fd,Уральский ФО,1,,
карасук,siberian_fd,Сибирский ФО,0,,
саянск,siberian_fd,Сибирский ФО,0,,
норильск,siberian_fd,Сибирский ФО,0,,
исилькуль,siberian_fd,Сибирский ФО,0,,
колпашево,siberian_fd,Сибирский ФО,0,,
нижнеудинск,siberian_fd,Сибирский ФО,0,,
калтан,siberian_fd,Сибирский ФО,0,,
лесосибирск,siberian_fd,Сибирский ФО,0,,
чадан,siberian_fd,Сибирский ФО,0,,
канск,siberian_fd,Сибирский ФО,0,,
сорск,siberian_fd,Сибирский ФО,0,,
чулым,siberian_fd,Сибирский ФО,0,,
обь,siberian_fd,Сибирский ФО,0,,
зима,siberian_fd,Сибирский ФО,0,,
топки,siberian_fd,Сибирский ФО,0,,
мыски,siberian_fd,Сибирский ФО,0,,
енисейск,siberian_fd,Сибирский ФО,0,,
ужур,siberian_fd,Сибирский ФО,0,,
прокольевск,siberian_fd,Сибирский ФО,0,,
ленинск-кузнецкий,siberian_fd,Сибирский ФО,0,,
шагонар,siberian_fd,Сибирский ФО,0,,
осинки,siberian_fd,Сибирский ФО,0,,
кемерово,siberian_fd,Сибирский ФО,0,,
тулун,siberian_fd,Сибирский ФО,0,,
шарыпово,siberian_fd,Сибирский ФО,0,,
купино,siberian_fd,Сибирский ФО,0,,
барнаул,siberian_fd,Сибирский ФО,0,,
змеиногорск,siberian_fd,Сибирский ФО,0,,
стрежевой,siberian_fd,Сибирский ФО,0,,
бердск,siberian_fd,Сибирский ФО,0,,
зеленогорск,north-western_fd,Северо-Западный ФО,1,,
ойсхара,north-caucasian_fd,Северо-Кавказский ФО,0,,
терек,north-caucasian_fd,Северо-Кавказский ФО,0,,
каспийск,north-caucasian_fd,Северо-Кавказский ФО,0,,
дербент,north-caucasian_fd,Северо-Кавказский ФО,0,,
магас,north-caucasian_fd,Северо-Кавказский ФО,0,,
чегем,north-caucasian_fd,Северо-Кавказский ФО,0,,
пятигорск,north-caucasian_fd,Северо-Кавказский ФО,0,,
шали,north-caucasian_fd,Северо-Кавказский ФО,0,,
черкесск,north-caucasian_fd,Северо-Кавказский ФО,0,,
моздок,north-caucasian_fd,Северо-Кавказский ФО,0,,
майский,north-caucasian_fd,Северо-Кавказский ФО,0,,
ипатово,north-caucasian_fd,Северо-Кавказский ФО,0,,
сунжа,north-caucasian_fd,Северо-Кавказский ФО,0,,
дагестанские огни,north-caucasian_fd,Северо-Кавказский ФО,0,,
ставрополь,north-caucasian_fd,Северо-Кавказский ФО,0,,
новопавловск,north-caucasian_fd,Северо-Кавказский ФО,0,,
курчалой,north-caucasian_fd,Северо-Кавказский ФО,0,,
нефтекумск,north-caucasian_fd,Северо-Кавказский ФО,0,,
аргун,north-caucasian_fd,Северо-Кавказский ФО,0,,
малгобек,north-caucasian_fd,Северо-Кавказский ФО,0,,
южно-сухокумск,north-caucasian_fd,Северо-Кавказский ФО,0,,
усть-джегута,north-caucasian_fd,Северо-Кавказский ФО,0,,
будённовск,north-caucasian_fd,Северо-Кавказский ФО,0,,
тырныауз,north-caucasian_fd,Северо-Кавказский ФО,0,,
прохладный,north-caucasian_fd,Северо-Кавказский ФО,0,,
баксан,north-caucasian_fd,Северо-Кавказский ФО,0,,
георгиевск,north-caucasian_fd,Северо-Кавказский ФО,0,,
назрань,north-caucasian_fd,Северо-Кавказский ФО,0,,
минеральные воды,north-caucasian_fd,Северо-Кавказский ФО,0,,
алагир,north-caucasian_fd,Северо-Кавказский ФО,0,,
ессентуки,north-caucasian_fd,Северо-Кавказский ФО,0,,
буйнакск,north-caucasian_fd,Северо-Кавказский ФО,0,,
избербаш,north-caucasian_fd,Северо-Кавказский ФО,0,,
зеленокумск,north-caucasian_fd,Северо-Кавказский ФО,0,,
новоалександровск,north-caucasian_fd,Северо-Кавказский ФО,0,,
кизляр,north-caucasian_fd,Северо-Кавказский ФО,0,,
махачкала,north-caucasian_fd,Северо-Кавказский ФО,0,,
ачхой-матран,north-caucasian_fd,Северо-Кавказский ФО,0,,
владикавказ,north-caucasian_fd,Северо-Кавказский ФО,0,,
благодарный,north-caucasian_fd,Северо-Кавказский ФО,0,,
беслан,north-caucasian_fd,Северо-Кавказский ФО,0,,
хасавюрт,north-caucasian_fd,Северо-Кавказский ФО,0,,
гудермес,north-caucasian_fd,Северо-Кавказский ФО,0,,
нальчик,north-caucasian_fd,Северо-Кавказский ФО,0,,
урус-мартан,north-caucasian_fd,Северо-Кавказский ФО,0,,
дигора,north-caucasian_fd,Северо-Кавказский ФО,0,,
грозный,north-caucasian_fd,Северо-Кавказский ФО,0,,
железноводск,north-caucasian_fd,Северо-Кавказский ФО,0,,
нарткала,north-caucasian_fd,Северо-Кавказский ФО,0,,
невинномысск,north-caucasian_fd,Северо-Кавказский ФО,0,,
зеленогорск,siberian_fd,Сибирский ФО,1,,
кисловодск,north-caucasian_fd,Северо-Кавказский ФО,0,,
карачаевск,north-caucasian_fd,Северо-Кавказский ФО,0,,
лермонтов,north-caucasian_fd,Северо-Кавказский ФО,0,,
изобильный,north-caucasian_fd,Северо-Кавказский ФО,0,,
светлоград,north-caucasian_fd,Северо-Кавказский ФО,0,,
ардон,north-caucasian_fd,Северо-Кавказский ФО,0,,
теберда,north-caucasian_fd,Северо-Кавказский ФО,0,,
кизилюрт,north-caucasian_fd,Северо-Кавказский ФО,0,,
карабулак,north-caucasian_fd,Северо-Кавказский ФО,0,,
лукоянов,privolzhsky_fd,Приволжский ФО,0,,
соликамск,privolzhsky_fd,Приволжский ФО,0,,
давлеканово,privolzhsky_fd,Приволжский ФО,0,,
орлов,privolzhsky_fd,Приволжский ФО,0,,
нижний новгород,privolzhsky_fd,Приволжский ФО,0,"[""нижний""]",
киров,privolzhsky_fd,Приволжский ФО,0,,
пермь,privolzhsky_fd,Приволжский ФО,0,,
нижний ломов,privolzhsky_fd,Приволжский ФО,0,,
азнакаево,privolzhsky_fd,Приволжский ФО,0,,
мелеуз,privolzhsky_fd,Приволжский ФО,0,,
малмыж,privolzhsky_fd,Приволжский ФО,0,,
стерлитамак,privolzhsky_fd,Приволжский ФО,0,,
лаишево,privolzhsky_fd,Приволжский ФО,0,,
козловка,privolzhsky_fd,Приволжский ФО,0,,
пенза,privolzhsky_fd,Приволжский ФО,0,,
аркадык,privolzhsky_fd,Приволжский ФО,0,,
пугачёв,privolzhsky_fd,Приволжский ФО,0,,
мураши,privolzhsky_fd,Приволжский ФО,0,,
йошкар ола,privolzhsky_fd,Приволжский ФО,0,,
кирс,privolzhsky_fd,Приволжский ФО,0,,
иннополис,privolzhsky_fd,Приволжский ФО,0,,
ижевск,privolzhsky_fd,Приволжский ФО,0,,
канаш,privolzhsky_fd,Приволжский ФО,0,,
лысково,privolzhsky_fd,Приволжский ФО,0,,
ворсма,privolzhsky_fd,Приволжский ФО,0,,
бугуруслан,privolzhsky_fd,Приволжский ФО,0,,
кирово чепецк,privolzhsky_fd,Приволжский ФО,0,,
навашино,privolzhsky_fd,Приволжский ФО,0,,
сибай,privolzhsky_fd,Приволжский ФО,0,,
баймак,privolzhsky_fd,Приволжский ФО,0,,
октябрьск,privolzhsky_fd,Приволжский ФО,0,,
ардатов,privolzhsky_fd,Приволжский ФО,0,,
кузнецк,privolzhsky_fd,Приволжский ФО,0,,
набережные челны,privolzhsky_fd,Приволжский ФО,0,,
кинель,privolzhsky_fd,Приволжский ФО,0,,
очёр,privolzhsky_fd,Приволжский ФО,0,,
новокуйбышевск,privolzhsky_fd,Приволжский ФО,0,,
чайковский,privolzhsky_fd,Приволжский ФО,0,,
городец,privolzhsky_fd,Приволжский ФО,0,,
усолье,privolzhsky_fd,Приволжский ФО,0,,
вольск,privolzhsky_fd,Приволжский ФО,0,,
ветлуга,privolzhsky_fd,Приволжский ФО,0,,
цивильск,privolzhsky_fd,Приволжский ФО,0,,
вятские поляны,privolzhsky_fd,Приволжский ФО,0,,
чистополь,privolzhsky_fd,Приволжский ФО,0,,
калининск,privolzhsky_fd,Приволжский ФО,0,,
тольятти,privolzhsky_fd,Приволжский ФО,0,,
казань,privolzhsky_fd,Приволжский ФО,0,,
менделеевск,privolzhsky_fd,Приволжский ФО,0,,
чёрмоз,privolzhsky_fd,Приволжский ФО,0,,
мамадыш,privolzhsky_fd,Приволжский ФО,0,,
агидель,privolzhsky_fd,Приволжский ФО,0,,
ртищево,privolzhsky_fd,Приволжский ФО,0,,
нытва,privolzhsky_fd,Приволжский ФО,0,,
красновишевск,privolzhsky_fd,Приволжский ФО,0,,
тольяти,privolzhsky_fd,Приволжский ФО,0,,
новоузненск,privolzhsky_fd,Приволжский ФО,0,,
рузаевка,privolzhsky_fd,Приволжский ФО,0,,
кунгур,privolzhsky_fd,Приволжский ФО,0,,
красный кут,privolzhsky_fd,Приволжский ФО,0,,
маркс,privolzhsky_fd,Приволжский ФО,0,,
орск,privolzhsky_fd,Приволжский ФО,0,,
кудымкар,privolzhsky_fd,Приволжский ФО,0,,
белебей,privolzhsky_fd,Приволжский ФО,0,,
краснослободск,privolzhsky_fd,Приволжский ФО,1,,
отрадный,privolzhsky_fd,Приволжский ФО,0,,
алатырь,privolzhsky_fd,Приволжский ФО,0,,
новотроицк,privolzhsky_fd,Приволжский ФО,0,,
оса,privolzhsky_fd,Приволжский ФО,0,,
белая холуница,privolzhsky_fd,Приволжский ФО,0,,
кукмор,privolzhsky_fd,Приволжский ФО,0,,
спасск,privolzhsky_fd,Приволжский ФО,0,,
городище,privolzhsky_fd,Приволжский ФО,0,,
аткарск,privolzhsky_fd,Приволжский ФО,0,,
чернушка,privolzhsky_fd,Приволжский ФО,0,,
губаха,privolzhsky_fd,Приволжский ФО,0,,
ульяновск,privolzhsky_fd,Приволжский ФО,0,,
нолинск,privolzhsky_fd,Приволжский ФО,0,,
кулебаки,privolzhsky_fd,Приволжский ФО,0,,
медногорск,privolzhsky_fd,Приволжский ФО,0,,
зеленодольск,privolzhsky_fd,Приволжский ФО,0,,
добрянка,privolzhsky_fd,Приволжский ФО,0,,
жигулёвск,privolzhsky_fd,Приволжский ФО,0,,
верещагино,privolzhsky_fd,Приволжский ФО,0,,
володарск,privolzhsky_fd,Приволжский ФО,0,,
лысьва,privolzhsky_fd,Приволжский ФО,0,,
учалы,privolzhsky_fd,Приволжский ФО,0,,
ершов,privolzhsky_fd,Приволжский ФО,0,,
кстово,privolzhsky_fd,Приволжский ФО,0,,
лениногорск,privolzhsky_fd,Приволжский ФО,0,,
омутнинск,privolzhsky_fd,Приволжский ФО,0,,
арзамас,privolzhsky_fd,Приволжский ФО,0,,
новочебоксарск,privolzhsky_fd,Приволжский ФО,0,,
дмитровград,privolzhsky_fd,Приволжский ФО,0,,
мензелинск,privolzhsky_fd,Приволжский ФО,0,,
дзержинск,privolzhsky_fd,Приволжский ФО,0,,
чебоксары,privolzhsky_fd,Приволжский ФО,0,,
петровск,privolzhsky_fd,Приволжский ФО,0,,
заволжье,privolzhsky_fd,Приволжский ФО,0,,
семенов,privolzhsky_fd,Приволжский ФО,0,,
сурск,privolzhsky_fd,Приволжский ФО,0,,
мариинский посад,privolzhsky_fd,Приволжский ФО,0,,
салават,privolzhsky_fd,Приволжский ФО,0,,
кумертау,privolzhsky_fd,Приволжский ФО,0,,
волжск,privolzhsky_fd,Приволжский ФО,0,,
нурлат,privolzhsky_fd,Приволжский ФО,0,,
краснослободск,southern_fd,Южный ФО,1,,
чапаевск,privolzhsky_fd,Приволжский ФО,0,,
похвистнево,privolzhsky_fd,Приволжский ФО,0,,
красноармейск,privolzhsky_fd,Приволжский ФО,0,,
сызрань,privolzhsky_fd,Приволжский ФО,0,,
чусовой,privolzhsky_fd,Приволжский ФО,0,,
слободско,privolzhsky_fd,Приволжский ФО,0,,
сердобск,privolzhsky_fd,Приволжский ФО,0,,
болгар,privolzhsky_fd,Приволжский ФО,0,,
гремячинск,privolzhsky_fd,Приволжский ФО,0,,
звенигово,privolzhsky_fd,Приволжский ФО,0,,
нефтекамск,privolzhsky_fd,Приволжский ФО,0,,
шумерля,privolzhsky_fd,Приволжский ФО,0,,
дюртюли,privolzhsky_fd,Приволжский ФО,0,,
яранск,privolzhsky_fd,Приволжский ФО,0,,
чердынь,privolzhsky_fd,Приволжский ФО,0,,
янаул,privolzhsky_fd,Приволжский ФО,0,,
жигулевск,privolzhsky_fd,Приволжский ФО,0,,
горнозаводск,privolzhsky_fd,Приволжский ФО,0,,
зуевка,privolzhsky_fd,Приволжский ФО,0,,
уржум,privolzhsky_fd,Приволжский ФО,0,,
кизел,privolzhsky_fd,Приволжский ФО,0,,
сорочинск,privolzhsky_fd,Приволжский ФО,0,,
сенгилей,privolzhsky_fd,Приволжский ФО,0,,
саров,privolzhsky_fd,Приволжский ФО,0,,
шахунья,privolzhsky_fd,Приволжский ФО,0,,
воткинск,privolzhsky_fd,Приволжский ФО,0,,
богородск,privolzhsky_fd,Приволжский ФО,0,,
первомайск,privolzhsky_fd,Приволжский ФО,0,,
урень,privolzhsky_fd,Приволжский ФО,0,,
инза,privolzhsky_fd,Приволжский ФО,0,,
балахна,privolzhsky_fd,Приволжский ФО,0,,
гай,privolzhsky_fd,Приволжский ФО,0,,
кирово-чепецк,privolzhsky_fd,Приволжский ФО,0,,
буинск,privolzhsky_fd,Приволжский ФО,0,,
межгорье,privolzhsky_fd,Приволжский ФО,0,,
перевоз,privolzhsky_fd,Приволжский ФО,0,,
инсар,privolzhsky_fd,Приволжский ФО,0,,
соль-илецк,privolzhsky_fd,Приволжский ФО,0,,
спаск,privolzhsky_fd,Приволжский ФО,0,,
семёнов,privolzhsky_fd,Приволжский ФО,0,,
нефтегорск,privolzhsky_fd,Приволжский ФО,0,,
аркадак,privolzhsky_fd,Приволжский ФО,0,,
котельнич,privolzhsky_fd,Приволжский ФО,0,,
мирный,north-western_fd,Северо-Западный ФО,1,,
лысва,privolzhsky_fd,Приволжский ФО,0,,
княгинино,privolzhsky_fd,Приволжский ФО,0,,
хвалынск,privolzhsky_fd,Приволжский ФО,0,,
ишимбай,privolzhsky_fd,Приволжский ФО,0,,
саратов,privolzhsky_fd,Приволжский ФО,0,,
кувандык,privolzhsky_fd,Приволжский ФО,0,,
березники,privolzhsky_fd,Приволжский ФО,0,,
сергач,privolzhsky_fd,Приволжский ФО,0,,
белорецк,privolzhsky_fd,Приволжский ФО,0,,
пугачев,privolzhsky_fd,Приволжский ФО,0,,
луза,privolzhsky_fd,Приволжский ФО,0,,
шиханы,privolzhsky_fd,Приволжский ФО,0,,
краснокамск,privolzhsky_fd,Приволжский ФО,0,,
чермоз,privolzhsky_fd,Приволжский ФО,0,,
альметьевск,privolzhsky_fd,Приволжский ФО,0,,
саранск,privolzhsky_fd,Приволжский ФО,0,,
энгельс,privolzhsky_fd,Приволжский ФО,0,,
бор,privolzhsky_fd,Приволжский ФО,0,,
новоульяновск,privolzhsky_fd,Приволжский ФО,0,,
арск,privolzhsky_fd,Приволжский ФО,0,,
самара,privolzhsky_fd,Приволжский ФО,0,,
балаково,privolzhsky_fd,Приволжский ФО,0,,
нижнекамск,privolzhsky_fd,Приволжский ФО,0,,
бугульма,privolzhsky_fd,Приволжский ФО,0,,
ядрин,privolzhsky_fd,Приволжский ФО,0,,
мирный,eastern_fd,Дальневосточный ФО,1,,
агрыз,privolzhsky_fd,Приволжский ФО,0,,
михайловск,north-caucasian_fd,Северо-Кавказский ФО,1,,
горбатов,privolzhsky_fd,Приволжский ФО,0,,
оренбург,privolzhsky_fd,Приволжский ФО,0,,
октябрьский,privolzhsky_fd,Приволжский ФО,0,,
ковылкино,privolzhsky_fd,Приволжский ФО,0,,
каменка,privolzhsky_fd,Приволжский ФО,0,,
очер,privolzhsky_fd,Приволжский ФО,0,,
барыш,privolzhsky_fd,Приволжский ФО,0,,
тетюши,privolzhsky_fd,Приволжский ФО,0,,
абдулино,privolzhsky_fd,Приволжский ФО,0,,
кабарка,privolzhsky_fd,Приволжский ФО,0,,
соль илецк,privolzhsky_fd,Приволжский ФО,0,,
бавлы,privolzhsky_fd,Приволжский ФО,0,,
заинск,privolzhsky_fd,Приволжский ФО,0,,
козьмодемьянск,privolzhsky_fd,Приволжский ФО,0,,
туймазы,privolzhsky_fd,Приволжский ФО,0,,
белинский,privolzhsky_fd,Приволжский ФО,0,,
можга,privolzhsky_fd,Приволжский ФО,0,,
сарапул,privolzhsky_fd,Приволжский ФО,0,,
йошкар-ола,privolzhsky_fd,Приволжский ФО,0,,
михайловск,ural_fd,Уральский ФО,1,,
новокуйбошевск,privolzhsky_fd,Приволжский ФО,0,,
бузлук,privolzhsky_fd,Приволжский ФО,0,,
глазов,privolzhsky_fd,Приволжский ФО,0,,
елабуга,privolzhsky_fd,Приволжский ФО,0,,
павлово,privolzhsky_fd,Приволжский ФО,0,,
темников,privolzhsky_fd,Приволжский ФО,0,,
ясный,privolzhsky_fd,Приволжский ФО,0,,
никольск,north-western_fd,Северо-Западный ФО,1,,
сосновка,privolzhsky_fd,Приволжский ФО,0,,
выкса,privolzhsky_fd,Приволжский ФО,0,,
чкаловск,privolzhsky_fd,Приволжский ФО,0,,
оханск,privolzhsky_fd,Приволжский ФО,0,,
александровск,privolzhsky_fd,Приволжский ФО,0,,
бирск,privolzhsky_fd,Приволжский ФО,0,,
никольск,privolzhsky_fd,Приволжский ФО,1,,
зверево,southern_fd,Южный ФО,0,,
тихрецк,southern_fd,Южный ФО,0,,
жирновск,southern_fd,Южный ФО,0,,
приморско-ахтарск,southern_fd,Южный ФО,0,,
инкерман,southern_fd,Южный ФО,0,,
армавир,southern_fd,Южный ФО,0,,
новосибирск,siberian_fd,Сибирский ФО,1,,
майкоп,southern_fd,Южный ФО,0,,
кореновск,southern_fd,Южный ФО,0,,
усть-лабинск,southern_fd,Южный ФО,0,,
туапсе,southern_fd,Южный ФО,0,,
керчь,southern_fd,Южный ФО,0,,
курганинск,southern_fd,Южный ФО,0,,
ейск,southern_fd,Южный ФО,0,,
крымск,southern_fd,Южный ФО,0,,
городовиковск,southern_fd,Южный ФО,0,,
новошахтинск,southern_fd,Южный ФО,0,,
кропоткин,southern_fd,Южный ФО,0,,
батайск,southern_fd,Южный ФО,0,,
сочи,southern_fd,Южный ФО,0,,
бахчисарай,southern_fd,Южный ФО,0,,
зерноград,southern_fd,Южный ФО,0,,
геленджик,southern_fd,Южный ФО,0,,
знаменск,southern_fd,Южный ФО,0,,
сальск,southern_fd,Южный ФО,0,,
новосибирск,eastern_fd,Дальневосточный ФО,1,,
тимошевск,southern_fd,Южный ФО,0,,
усть лабинск,southern_fd,Южный ФО,0,,
щелкино,southern_fd,Южный ФО,0,,
саки,southern_fd,Южный ФО,0,,
хадыженск,southern_fd,Южный ФО,0,,
таганрог,southern_fd,Южный ФО,0,,
элиста,southern_fd,Южный ФО,0,,
славянск на кубани,southern_fd,Южный ФО,0,,
котово,southern_fd,Южный ФО,0,,
калач-на-дону,southern_fd,Южный ФО,0,,
ростов на дону,southern_fd,Южный ФО,0,,
цимлянск,southern_fd,Южный ФО,0,,
ахтубинск,southern_fd,Южный ФО,0,,
ростов-на-дону,southern_fd,Южный ФО,0,,
калач на дону,southern_fd,Южный ФО,0,,
белореченск,southern_fd,Южный ФО,0,,
приморско ахтарск,southern_fd,Южный ФО,0,,
алупка,southern_fd,Южный ФО,0,,
новороссийск,southern_fd,Южный ФО,0,,
николаевск,southern_fd,Южный ФО,0,,
симферополь,southern_fd,Южный ФО,0,,
камышин,southern_fd,Южный ФО,0,,
новочеркаск,southern_fd,Южный ФО,0,,
анапа,southern_fd,Южный ФО,0,,
урюпинск,southern_fd,Южный ФО,0,,
белгорск,southern_fd,Южный ФО,0,,
судак,southern_fd,Южный ФО,0,,
джанкой,southern_fd,Южный ФО,0,,
аксай,southern_fd,Южный ФО,0,,
каменск-шахтинский,southern_fd,Южный ФО,0,,
краснодар,southern_fd,Южный ФО,0,,
славянск-на-кубани,southern_fd,Южный ФО,0,,
темрюк,southern_fd,Южный ФО,0,,
лагань,southern_fd,Южный ФО,0,,
алушта,southern_fd,Южный ФО,0,,
лабинск,southern_fd,Южный ФО,0,,
константиновск,southern_fd,Южный ФО,0,,
миллерево,southern_fd,Южный ФО,0,,
фролово,southern_fd,Южный ФО,0,,
донецк,southern_fd,Южный ФО,0,,
волжский,southern_fd,Южный ФО,0,,
котельниково,southern_fd,Южный ФО,0,,
волгоград,southern_fd,Южный ФО,0,,
абинск,southern_fd,Южный ФО,0,,
белая калитва,southern_fd,Южный ФО,0,,
палласовка,southern_fd,Южный ФО,0,,
гулькевичи,southern_fd,Южный ФО,0,,
нариманов,southern_fd,Южный ФО,0,,
михайловка,southern_fd,Южный ФО,0,,
шахты,southern_fd,Южный ФО,0,,
пролетарск,southern_fd,Южный ФО,0,,
адыгейск,southern_fd,Южный ФО,0,,
щёлкино,southern_fd,Южный ФО,0,,
серафимович,southern_fd,Южный ФО,0,,
суровикино,southern_fd,Южный ФО,0,,
старый крым,southern_fd,Южный ФО,0,,
ленинск,southern_fd,Южный ФО,0,,
петров вал,southern_fd,Южный ФО,0,,
дубовка,southern_fd,Южный ФО,0,,
морозовск,southern_fd,Южный ФО,0,,
армянск,southern_fd,Южный ФО,0,,
евпатория,southern_fd,Южный ФО,0,,
новокубанск,southern_fd,Южный ФО,0,,
ялта,southern_fd,Южный ФО,0,,
семикаракорск,southern_fd,Южный ФО,0,,
красноперекопск,southern_fd,Южный ФО,0,,
володонск,southern_fd,Южный ФО,0,,
азов,southern_fd,Южный ФО,0,,
новоаннинский,southern_fd,Южный ФО,0,,
севастополь,southern_fd,Южный ФО,0,,
камызяк,southern_fd,Южный ФО,0,,
гуково,southern_fd,Южный ФО,0,,
горячий ключ,southern_fd,Южный ФО,0,,
каменск шахтенский,southern_fd,Южный ФО,0,,
харабали,southern_fd,Южный ФО,0,,
феодосия,southern_fd,Южный ФО,0,,
красный сулин,southern_fd,Южный ФО,0,,
алшеронск,southern_fd,Южный ФО,0,,
тимошёвск,southern_fd,Южный ФО,0,,
щёлково,сentral_fd,Центральный ФО,0,,
фатеж,сentral_fd,Центральный ФО,0,,
зарайск,сentral_fd,Центральный ФО,0,,
строитель,сentral_fd,Центральный ФО,0,,
вичуга,сentral_fd,Центральный ФО,0,,
люберцы,сentral_fd,Центральный ФО,0,,
фурманов,сentral_fd,Центральный ФО,0,,
сафоново,сentral_fd,Центральный ФО,0,,
жуковский,сentral_fd,Центральный ФО,0,,
подольск,сentral_fd,Центральный ФО,0,,
пересвет,сentral_fd,Центральный ФО,0,,
сергиев посад,сentral_fd,Центральный ФО,0,,
елец,сentral_fd,Центральный ФО,0,,
орехово-зуево,сentral_fd,Центральный ФО,0,,
буй,сentral_fd,Центральный ФО,0,,
льгов,сentral_fd,Центральный ФО,0,,
ногинск,сentral_fd,Центральный ФО,0,,
нововоронеж,сentral_fd,Центральный ФО,0,,
мичуринск,сentral_fd,Центральный ФО,0,,
данков,сentral_fd,Центральный ФО,0,,
можайск,сentral_fd,Центральный ФО,0,,
обоянь,сentral_fd,Центральный ФО,0,,
клинцы,сentral_fd,Центральный ФО,0,,
мценск,сentral_fd,Центральный ФО,0,,
стародуб,сentral_fd,Центральный ФО,0,,
электрогорск,сentral_fd,Центральный ФО,0,,
черноголовка,сentral_fd,Центральный ФО,0,,
болхов,сentral_fd,Центральный ФО,0,,
суджа,сentral_fd,Центральный ФО,0,,
талдом,сentral_fd,Центральный ФО,0,,
истра,сentral_fd,Центральный ФО,0,,
москва,сentral_fd,Центральный ФО,0,,
эртиль,сentral_fd,Центральный ФО,0,,
камешково,сentral_fd,Центральный ФО,0,,
шацк,сentral_fd,Центральный ФО,0,,
котовск,сentral_fd,Центральный ФО,0,,
жердевка,сentral_fd,Центральный ФО,0,,
рязань,сentral_fd,Центральный ФО,0,,
домодедово,сentral_fd,Центральный ФО,0,,
собинка,сentral_fd,Центральный ФО,0,,
мытищи,сentral_fd,Центральный ФО,0,,
озёры,сentral_fd,Центральный ФО,0,,
шатура,сentral_fd,Центральный ФО,0,,
бежецк,сentral_fd,Центральный ФО,0,,
алексеевка,сentral_fd,Центральный ФО,0,,
велиж,сentral_fd,Центральный ФО,0,,
волгореченск,сentral_fd,Центральный ФО,0,,
касимов,сentral_fd,Центральный ФО,0,,
ковров,сentral_fd,Центральный ФО,0,,
наволоки,сentral_fd,Центральный ФО,0,,
ряжск,сentral_fd,Центральный ФО,0,,
мглин,сentral_fd,Центральный ФО,0,,
волоколамск,сentral_fd,Центральный ФО,0,,
озёрск,north-western_fd,Северо-Западный ФО,1,,
апрелевка,сentral_fd,Центральный ФО,0,,
озёрск,ural_fd,Уральский ФО,1,,
наро-фоминск,сentral_fd,Центральный ФО,0,,
шебекино,сentral_fd,Центральный ФО,0,,
кинешма,сentral_fd,Центральный ФО,0,,
белоусово,сentral_fd,Центральный ФО,0,,
кологрив,сentral_fd,Центральный ФО,0,,
курлово,сentral_fd,Центральный ФО,0,,
орёл,сentral_fd,Центральный ФО,0,,
шуя,сentral_fd,Центральный ФО,0,,
тверь,сentral_fd,Центральный ФО,0,,
химки,сentral_fd,Центральный ФО,0,,
королёв,сentral_fd,Центральный ФО,0,,
поворино,сentral_fd,Центральный ФО,0,,
серпухов,сentral_fd,Центральный ФО,0,,
духовщина,сentral_fd,Центральный ФО,0,,
красногорск,сentral_fd,Центральный ФО,0,,
россошь,сentral_fd,Центральный ФО,0,,
лобня,сentral_fd,Центральный ФО,0,,
дятьково,сentral_fd,Центральный ФО,0,,
балашиха,сentral_fd,Центральный ФО,0,,
сосенский,сentral_fd,Центральный ФО,0,,
краснознаменск,сentral_fd,Центральный ФО,0,,
юрьевец,сentral_fd,Центральный ФО,0,,
калуга,сentral_fd,Центральный ФО,0,,
павловск,north-western_fd,Северо-Западный ФО,1,,
губкин,сentral_fd,Центральный ФО,0,,
грязи,сentral_fd,Центральный ФО,0,,
усмань,сentral_fd,Центральный ФО,0,,
хотьково,сentral_fd,Центральный ФО,0,,
мосальск,сentral_fd,Центральный ФО,0,,
пущино,сentral_fd,Центральный ФО,0,,
реутов,сentral_fd,Центральный ФО,0,,
луховицы,сentral_fd,Центральный ФО,0,,
рошаль,сentral_fd,Центральный ФО,0,,
коломна,сentral_fd,Центральный ФО,0,,
острогожск,сentral_fd,Центральный ФО,0,,
пучеж,сentral_fd,Центральный ФО,0,,
звенигород,сentral_fd,Центральный ФО,0,,
макарьев,сentral_fd,Центральный ФО,0,,
долгопрудный,сentral_fd,Центральный ФО,0,,
спас-клепики,сentral_fd,Центральный ФО,0,,
раменское,сentral_fd,Центральный ФО,0,,
рославль,сentral_fd,Центральный ФО,0,,
вязники,сentral_fd,Центральный ФО,0,,
ржев,сentral_fd,Центральный ФО,0,,
рассказово,сentral_fd,Центральный ФО,0,,
лакинск,сentral_fd,Центральный ФО,0,,
таруса,сentral_fd,Центральный ФО,0,,
мялоярославец,сentral_fd,Центральный ФО,0,,
чаплыгин,сentral_fd,Центральный ФО,0,,
электроугли,сentral_fd,Центральный ФО,0,,
приволжск,сentral_fd,Центральный ФО,0,,
голицыно,сentral_fd,Центральный ФО,0,,
спас-деменск,сentral_fd,Центральный ФО,0,,
мещовск,сentral_fd,Центральный ФО,0,,
задонск,сentral_fd,Центральный ФО,0,,
нерехта,сentral_fd,Центральный ФО,0,,
гороховец,сentral_fd,Центральный ФО,0,,
почел,сentral_fd,Центральный ФО,0,,
видное,сentral_fd,Центральный ФО,0,,
верея,сentral_fd,Центральный ФО,0,,
плёс,сentral_fd,Центральный ФО,0,,
сельцо,сentral_fd,Центральный ФО,0,,
бронницы,сentral_fd,Центральный ФО,0,,
карачев,сentral_fd,Центральный ФО,0,,
сураж,сentral_fd,Центральный ФО,0,,
кимры,сentral_fd,Центральный ФО,0,,
родники,сentral_fd,Центральный ФО,0,,
костерёво,сentral_fd,Центральный ФО,0,,
жуков,сentral_fd,Центральный ФО,0,,
пушкино,сentral_fd,Центральный ФО,0,,
ступино,сentral_fd,Центральный ФО,0,,
дедовск,сentral_fd,Центральный ФО,0,,
спасск-рязанский,сentral_fd,Центральный ФО,0,,
ермолино,сentral_fd,Центральный ФО,0,,
дрезна,сentral_fd,Центральный ФО,0,,
скопин,сentral_fd,Центральный ФО,0,,
старая купавна,сentral_fd,Центральный ФО,0,,
тейково,сentral_fd,Центральный ФО,0,,
мантурово,сentral_fd,Центральный ФО,0,,
дубна,сentral_fd,Центральный ФО,0,,
электросталь,сentral_fd,Центральный ФО,0,,
суздаль,сentral_fd,Центральный ФО,0,,
солнечногорск,сentral_fd,Центральный ФО,0,,
ливны,сentral_fd,Центральный ФО,0,,
ивантеевка,сentral_fd,Центральный ФО,0,,
ликино-дулёво,сentral_fd,Центральный ФО,0,,
гагарин,сentral_fd,Центральный ФО,0,,
бирюч,сentral_fd,Центральный ФО,0,,
вышний волочёк,сentral_fd,Центральный ФО,0,,
котельники,сentral_fd,Центральный ФО,0,,
муром,сentral_fd,Центральный ФО,0,,
дмитров,сentral_fd,Центральный ФО,0,,
высоковск,сentral_fd,Центральный ФО,0,,
кораблино,сentral_fd,Центральный ФО,0,,
новый оскол,сentral_fd,Центральный ФО,0,,
струнино,сentral_fd,Центральный ФО,0,,
десногорск,сentral_fd,Центральный ФО,0,,
дмитровск,сentral_fd,Центральный ФО,0,,
короча,сentral_fd,Центральный ФО,0,,
меленки,сentral_fd,Центральный ФО,0,,
солигалич,сentral_fd,Центральный ФО,0,,
шарья,сentral_fd,Центральный ФО,0,,
новомичуринск,сentral_fd,Центральный ФО,0,,
иваново,сentral_fd,Центральный ФО,0,,
обнинск,сentral_fd,Центральный ФО,0,,
жиздра,сentral_fd,Центральный ФО,0,,
валуйки,сentral_fd,Центральный ФО,0,,
грайворон,сentral_fd,Центральный ФО,0,,
бутурлиновка,сentral_fd,Центральный ФО,0,,
севск,сentral_fd,Центральный ФО,0,,
михайлов,сentral_fd,Центральный ФО,0,,
лыткарино,сentral_fd,Центральный ФО,0,,
заволжск,сentral_fd,Центральный ФО,0,,
козельск,сentral_fd,Центральный ФО,0,,
унеча,сentral_fd,Центральный ФО,0,,
кольчугино,сentral_fd,Центральный ФО,0,,
злынка,сentral_fd,Центральный ФО,0,,
тамбов,сentral_fd,Центральный ФО,0,,
яхрома,сentral_fd,Центральный ФО,0,,
дмитриев,сentral_fd,Центральный ФО,0,,
новохопёрск,сentral_fd,Центральный ФО,0,,
кохма,сentral_fd,Центральный ФО,0,,
богучар,сentral_fd,Центральный ФО,0,,
старый оскол,сentral_fd,Центральный ФО,0,,
сасово,сentral_fd,Центральный ФО,0,,
фрязино,сentral_fd,Центральный ФО,0,,
карабаново,сentral_fd,Центральный ФО,0,,
щигры,сentral_fd,Центральный ФО,0,,
егорьевск,сentral_fd,Центральный ФО,0,,
новосиль,сentral_fd,Центральный ФО,0,,
чехов,сentral_fd,Центральный ФО,0,,
лиски,сentral_fd,Центральный ФО,0,,
брянск,сentral_fd,Центральный ФО,0,,
южа,сentral_fd,Центральный ФО,0,,
кострома,сentral_fd,Центральный ФО,0,,
юрьев-польский,сentral_fd,Центральный ФО,0,,
малоархангельск,сentral_fd,Центральный ФО,0,,
гусь-хрустальный,сentral_fd,Центральный ФО,0,,
дзержинский,сentral_fd,Центральный ФО,0,,
трубочевск,сentral_fd,Центральный ФО,0,,
демидов,сentral_fd,Центральный ФО,0,,
борисоглебск,сentral_fd,Центральный ФО,0,,
галич,сentral_fd,Центральный ФО,0,,
рыльск,сentral_fd,Центральный ФО,0,,
людиново,сentral_fd,Центральный ФО,0,,
починок,сentral_fd,Центральный ФО,0,,
нея,сentral_fd,Центральный ФО,0,,
смоленск,сentral_fd,Центральный ФО,0,,
курск,сentral_fd,Центральный ФО,0,,
юхнов,сentral_fd,Центральный ФО,0,,
нелидово,сentral_fd,Центральный ФО,0,,
гаврилов посад,сentral_fd,Центральный ФО,0,,
торжок,сentral_fd,Центральный ФО,0,,
боровск,сentral_fd,Центральный ФО,0,,
судогда,сentral_fd,Центральный ФО,0,,
одинцово,сentral_fd,Центральный ФО,0,,
жуковка,сentral_fd,Центральный ФО,0,,
кондрово,сentral_fd,Центральный ФО,0,,
калач,сentral_fd,Центральный ФО,0,,
бологое,сentral_fd,Центральный ФО,0,,
конаково,сentral_fd,Центральный ФО,0,,
чухлома,сentral_fd,Центральный ФО,0,,
кирсанов,сentral_fd,Центральный ФО,0,,
владимир,сentral_fd,Центральный ФО,0,,
рудня,сentral_fd,Центральный ФО,0,,
кремёнки,сentral_fd,Центральный ФО,0,,
балабаново,сentral_fd,Центральный ФО,0,,
клин,сentral_fd,Центральный ФО,0,,
руза,сentral_fd,Центральный ФО,0,,
петушки,сentral_fd,Центральный ФО,0,,
павловский-посад,сentral_fd,Центральный ФО,0,,
семилуки,сentral_fd,Центральный ФО,0,,
бобров,сentral_fd,Центральный ФО,0,,
ярцево,сentral_fd,Центральный ФО,0,,
киржач,сentral_fd,Центральный ФО,0,,
воронеж,сentral_fd,Центральный ФО,0,,
краснозаводск,сentral_fd,Центральный ФО,0,,
курчатов,сentral_fd,Центральный ФО,0,,
куровское,сentral_fd,Центральный ФО,0,,
лебедянь,сentral_fd,Центральный ФО,0,,
новозыбков,сentral_fd,Центральный ФО,0,,
вязьма,сentral_fd,Центральный ФО,0,,
белгород,сentral_fd,Центральный ФО,0,,
кубинка,сentral_fd,Центральный ФО,0,,
сычёвка,сentral_fd,Центральный ФО,0,,
комсомольск,сentral_fd,Центральный ФО,0,,
медынь,сentral_fd,Центральный ФО,0,,
кашира,сentral_fd,Центральный ФО,0,,
воскресенск,сentral_fd,Центральный ФО,0,,
покров,сentral_fd,Центральный ФО,0,,
уварово,сentral_fd,Центральный ФО,0,,
протвино,сentral_fd,Центральный ФО,0,,
дорогобуж,сentral_fd,Центральный ФО,0,,
удомля,сentral_fd,Центральный ФО,0,,
александров,сentral_fd,Центральный ФО,0,,
моршанск,сentral_fd,Центральный ФО,0,,
рыбное,сentral_fd,Центральный ФО,0,,
ельня,сentral_fd,Центральный ФО,0,,
сухиничи,сentral_fd,Центральный ФО,0,,
осташков,сentral_fd,Центральный ФО,0,,
кашин,сentral_fd,Центральный ФО,0,,
калязин,сentral_fd,Центральный ФО,0,,
торопец,сentral_fd,Центральный ФО,0,,
лихославль,сentral_fd,Центральный ФО,0,,
кувшиново,сentral_fd,Центральный ФО,0,,
западная двина,сentral_fd,Центральный ФО,0,,
старица,сentral_fd,Центральный ФО,0,,
андреаполь,сentral_fd,Центральный ФО,0,,
зубцов,сentral_fd,Центральный ФО,0,,
весьегонск,сentral_fd,Центральный ФО,0,,
красный холм,сentral_fd,Центральный ФО,0,,
белый,сentral_fd,Центральный ФО,0,,
тула,сentral_fd,Центральный ФО,0,,
новомосковск,сentral_fd,Центральный ФО,0,,
донской,сentral_fd,Центральный ФО,0,,
алексин,сentral_fd,Центральный ФО,0,,
щёкино,сentral_fd,Центральный ФО,0,,
узловая,сentral_fd,Центральный ФО,0,,
ефремов,сentral_fd,Центральный ФО,0,,
богородицк,сentral_fd,Центральный ФО,0,,
киреевск,сentral_fd,Центральный ФО,0,,
кимовск,сentral_fd,Центральный ФО,0,,
суворов,сentral_fd,Центральный ФО,0,,
плавск,сentral_fd,Центральный ФО,0,,
ясногорск,сentral_fd,Центральный ФО,0,,
венёв,сentral_fd,Центральный ФО,0,,
белёв,сentral_fd,Центральный ФО,0,,
болохово,сentral_fd,Центральный ФО,0,,
липки,сentral_fd,Центральный ФО,0,,
павловск,сentral_fd,Центральный ФО,1,,
чекалин,сentral_fd,Центральный ФО,0,,
ярославль,сentral_fd,Центральный ФО,0,,
рыбинск,сentral_fd,Центральный ФО,0,,
тутаев,сentral_fd,Центральный ФО,0,,
переславль-залесский,сentral_fd,Центральный ФО,0,,
углич,сentral_fd,Центральный ФО,0,,
ростов великий,сentral_fd,Центральный ФО,0,,
гаврилов-ям,сentral_fd,Центральный ФО,0,,
данилов,сentral_fd,Центральный ФО,0,,
пошехонье,сentral_fd,Центральный ФО,0,,
мышкин,сentral_fd,Центральный ФО,0,,
любим,сentral_fd,Центральный ФО,0,,
борзя,eastern_fd,Дальневосточный ФО,0,,
билибино,eastern_fd,Дальневосточный ФО,0,,
невельск,eastern_fd,Дальневосточный ФО,0,,
обучье,eastern_fd,Дальневосточный ФО,0,,
якутск,eastern_fd,Дальневосточный ФО,0,,
арсеньев,eastern_fd,Дальневосточный ФО,0,,
северобайкальск,eastern_fd,Дальневосточный ФО,0,,
гусиноозёрск,eastern_fd,Дальневосточный ФО,0,,
петропавловск-камчатский,eastern_fd,Дальневосточный ФО,0,,
макаров,eastern_fd,Дальневосточный ФО,0,,
биробиджан,eastern_fd,Дальневосточный ФО,0,,
ленск,eastern_fd,Дальневосточный ФО,0,,
удачный,eastern_fd,Дальневосточный ФО,0,,
александровск-сахалинский,eastern_fd,Дальневосточный ФО,0,,
владивосток,eastern_fd,Дальневосточный ФО,0,,
томмот,eastern_fd,Дальневосточный ФО,0,,
райчихинск,eastern_fd,Дальневосточный ФО,0,,
нюрба,eastern_fd,Дальневосточный ФО,0,,
анива,eastern_fd,Дальневосточный ФО,0,,
уссурийск,eastern_fd,Дальневосточный ФО,0,,
улан-удэ,eastern_fd,Дальневосточный ФО,0,,
олёкминск,eastern_fd,Дальневосточный ФО,0,,
партизанск,eastern_fd,Дальневосточный ФО,0,,
дальнереченск,eastern_fd,Дальневосточный ФО,0,,
свободный,eastern_fd,Дальневосточный ФО,0,,
зея,eastern_fd,Дальневосточный ФО,0,,
завитинск,eastern_fd,Дальневосточный ФО,0,,
долинск,eastern_fd,Дальневосточный ФО,0,,
поронайск,eastern_fd,Дальневосточный ФО,0,,
сковородино,eastern_fd,Дальневосточный ФО,0,,
сусуман,eastern_fd,Дальневосточный ФО,0,,
курильск,eastern_fd,Дальневосточный ФО,0,,
артём,eastern_fd,Дальневосточный ФО,0,,
углегорск,eastern_fd,Дальневосточный ФО,0,,
оха,eastern_fd,Дальневосточный ФО,0,,
белогорск,eastern_fd,Дальневосточный ФО,0,,
вилюйск,eastern_fd,Дальневосточный ФО,0,,
находка,eastern_fd,Дальневосточный ФО,0,,
чита,eastern_fd,Дальневосточный ФО,0,,
шилка,eastern_fd,Дальневосточный ФО,0,,
певек,eastern_fd,Дальневосточный ФО,0,,
шахтёрск,eastern_fd,Дальневосточный ФО,0,,
тында,eastern_fd,Дальневосточный ФО,0,,
покровск,eastern_fd,Дальневосточный ФО,0,,
среднеколымск,eastern_fd,Дальневосточный ФО,0,,
холмск,eastern_fd,Дальневосточный ФО,0,,
амурск,eastern_fd,Дальневосточный ФО,0,,
закаменск,eastern_fd,Дальневосточный ФО,0,,
нерчинск,eastern_fd,Дальневосточный ФО,0,,
магадан,eastern_fd,Дальневосточный ФО,0,,
верхоянск,eastern_fd,Дальневосточный ФО,0,,
радужный,сentral_fd,Центральный ФО,1,,
дальнегорск,eastern_fd,Дальневосточный ФО,0,,
анадырь,eastern_fd,Дальневосточный ФО,0,,
балей,eastern_fd,Дальневосточный ФО,0,,
спасск-дальний,eastern_fd,Дальневосточный ФО,0,,
хилок,eastern_fd,Дальневосточный ФО,0,,
кяхта,eastern_fd,Дальневосточный ФО,0,,
шимановск,eastern_fd,Дальневосточный ФО,0,,
вилючинск,eastern_fd,Дальневосточный ФО,0,,
бикин,eastern_fd,Дальневосточный ФО,0,,
комсомольск-на-амуре,eastern_fd,Дальневосточный ФО,0,,
лесозаводск,eastern_fd,Дальневосточный ФО,0,,
нерюнгри,eastern_fd,Дальневосточный ФО,0,,
радужный,ural_fd,Уральский ФО,1,,
корсаков,eastern_fd,Дальневосточный ФО,0,,
нерюнги,eastern_fd,Дальневосточный ФО,0,,
краснокаменск,eastern_fd,Дальневосточный ФО,0,,
южно-сахалинск,eastern_fd,Дальневосточный ФО,0,,
томари,eastern_fd,Дальневосточный ФО,0,,
петровск-забайкальский,eastern_fd,Дальневосточный ФО,0,,
северо-курильск,eastern_fd,Дальневосточный ФО,0,,
елизово,eastern_fd,Дальневосточный ФО,0,,
советск,north-western_fd,Северо-Западный ФО,1,,
советская гавань,eastern_fd,Дальневосточный ФО,0,,
советск,privolzhsky_fd,Приволжский ФО,1,,
сретенск,eastern_fd,Дальневосточный ФО,0,,
николаевск-на-амуре,eastern_fd,Дальневосточный ФО,0,,
хабаровск,eastern_fd,Дальневосточный ФО,0,,
бабушкин,eastern_fd,Дальневосточный ФО,0,,
могоча,eastern_fd,Дальневосточный ФО,0,,
большой камень,eastern_fd,Дальневосточный ФО,0,,
нефтеюганск,ural_fd,Уральский ФО,0,,
тарко-сале,ural_fd,Уральский ФО,0,,
троицк,ural_fd,Уральский ФО,0,,
сысерть,ural_fd,Уральский ФО,0,,
богданович,ural_fd,Уральский ФО,0,,
покачи,ural_fd,Уральский ФО,0,,
верхотурье,ural_fd,Уральский ФО,0,,
арамаль,ural_fd,Уральский ФО,0,,
нягань,ural_fd,Уральский ФО,0,,
трёхгорный,ural_fd,Уральский ФО,0,,
тавда,ural_fd,Уральский ФО,0,,
новый уренгой,ural_fd,Уральский ФО,0,,
надым,ural_fd,Уральский ФО,0,,
карпинск,ural_fd,Уральский ФО,0,,
салехард,ural_fd,Уральский ФО,0,,
ялуторовск,ural_fd,Уральский ФО,0,,
верхний тагил,ural_fd,Уральский ФО,0,,
дегтярск,ural_fd,Уральский ФО,0,,
губкинский,ural_fd,Уральский ФО,0,,
новоуральстк,ural_fd,Уральский ФО,0,,
волчанск,ural_fd,Уральский ФО,0,,
камышлов,ural_fd,Уральский ФО,0,,
советск,сentral_fd,Центральный ФО,1,,
туринск,ural_fd,Уральский ФО,0,,
ханты-мансийск,ural_fd,Уральский ФО,0,,
североуральск,ural_fd,Уральский ФО,0,,
екатеринбург,ural_fd,Уральский ФО,0,"[""екб"", ""свердловск""]",
сатка,ural_fd,Уральский ФО,0,,
нижняя салда,ural_fd,Уральский ФО,0,,
тюмень,ural_fd,Уральский ФО,0,,
челябинск,ural_fd,Уральский ФО,0,,
тобольск,ural_fd,Уральский ФО,0,,
советский,ural_fd,Уральский ФО,0,,
кировград,ural_fd,Уральский ФО,0,,
бакал,ural_fd,Уральский ФО,0,,
усть-катав,ural_fd,Уральский ФО,0,,
серов,ural_fd,Уральский ФО,0,,
сургут,ural_fd,Уральский ФО,0,,
асбест,ural_fd,Уральский ФО,0,,
уфа,privolzhsky_fd,Приволжский ФО,0,,
невьянск,ural_fd,Уральский ФО,0,,
катав-ивановск,ural_fd,Уральский ФО,0,,
талица,ural_fd,Уральский ФО,0,,
белоярский,ural_fd,Уральский ФО,0,,
ирбит,ural_fd,Уральский ФО,0,,
нижний тагил,ural_fd,Уральский ФО,0,,
южноуральск,ural_fd,Уральский ФО,0,,
златоуст,ural_fd,Уральский ФО,0,,
касли,ural_fd,Уральский ФО,0,,
юрюзань,ural_fd,Уральский ФО,0,,
нязелетровск,ural_fd,Уральский ФО,0,,
лянтор,ural_fd,Уральский ФО,0,,
мегион,ural_fd,Уральский ФО,0,,
снежинск,ural_fd,Уральский ФО,0,,
муравленко,ural_fd,Уральский ФО,0,,
верхняя пышма,ural_fd,Уральский ФО,0,,
нижняя тура,ural_fd,Уральский ФО,0,,
ивдель,ural_fd,Уральский ФО,0,,
лангепас,ural_fd,Уральский ФО,0,,
верхнеуральск,ural_fd,Уральский ФО,0,,
югорск,ural_fd,Уральский ФО,0,,
краснотурьинск,ural_fd,Уральский ФО,0,,
магнитогорск,ural_fd,Уральский ФО,0,,
кушва,ural_fd,Уральский ФО,0,,
заводоуковск,ural_fd,Уральский ФО,0,,
нижневартовск,ural_fd,Уральский ФО,0,,
карталы,ural_fd,Уральский ФО,0,,
новая ляля,ural_fd,Уральский ФО,0,,
урай,ural_fd,Уральский ФО,0,,
качканар,ural_fd,Уральский ФО,0,,
красноуфимск,ural_fd,Уральский ФО,0,,
миньяр,ural_fd,Уральский ФО,0,,
когалым,ural_fd,Уральский ФО,0,,
ноябрьск,ural_fd,Уральский ФО,0,,
артёмовский,ural_fd,Уральский ФО,0,,
реж,ural_fd,Уральский ФО,0,,
сухой лог,ural_fd,Уральский ФО,0,,
копейск,ural_fd,Уральский ФО,0,,
куса,ural_fd,Уральский ФО,0,,
миасс,ural_fd,Уральский ФО,0,,
верхний уфалей,ural_fd,Уральский ФО,0,,
ишим,ural_fd,Уральский ФО,0,,
пласт,ural_fd,Уральский ФО,0,,
верхняя тура,ural_fd,Уральский ФО,0,,
первоуральск,ural_fd,Уральский ФО,0,,
полевской,ural_fd,Уральский ФО,0,,
ревда,ural_fd,Уральский ФО,0,,
коркино,ural_fd,Уральский ФО,0,,
фокино,сentral_fd,Центральный ФО,1,,
лабытнанги,ural_fd,Уральский ФО,0,,
чебаркуль,ural_fd,Уральский ФО,0,,
лесной,ural_fd,Уральский ФО,0,,
пыть-ях,ural_fd,Уральский ФО,0,,
красноуральск,ural_fd,Уральский ФО,0,,
нижние серги,ural_fd,Уральский ФО,0,,
сим,ural_fd,Уральский ФО,0,,
карабаш,ural_fd,Уральский ФО,0,,
аша,ural_fd,Уральский ФО,0,,
еманжелинск,ural_fd,Уральский ФО,0,,
каменск-уральский,ural_fd,Уральский ФО,0,,
фокино,eastern_fd,Дальневосточный ФО,1,,
кыштым,ural_fd,Уральский ФО,0,,
алапаевск,ural_fd,Уральский ФО,0,,
